Summary,Description,Epic,Estimate (hrs)
Build driver license scan + face match,Develop verification flow using SDK,Identity Verification Module,8
Integrate soft credit check,Integrate Experian API to pull renter background info,Identity Verification Module,5
Design 360 camera intake flow,Setup AWS S3 for storing intake videos/images,AI-Based Damage Detection,6
Train AI damage detection model,Fine-tune YOLO/DINOv2 using image dataset,AI-Based Damage Detection,10
Setup booking UI,Frontend reservation system with car filter/search,Rental Booking System,8
Integrate Stripe payments,Add Stripe with authorization and delayed capture,Rental Booking System,5
Build admin reporting dashboard,Display damage logs and rentals per car,Admin Dashboard,7
Configure AWS Amplify + Lambda,Deploy frontend/backend using AWS services,AWS Infrastructure Setup,6
Implement SNS notifications,Set up SMS/email alerts using AWS SNS,AWS Infrastructure Setup,4
